Group,Task,Run,Elapsed (s),Exit Code,File Count,Timestamp
A,1,1,281.6,0,30,2026-03-12T13:17:29.367257+00:00
A,2,1,373.7,0,46,2026-03-12T13:23:46.148399+00:00
A,3,1,372.4,0,52,2026-03-12T13:30:01.580072+00:00
A,4,1,292.8,0,63,2026-03-12T13:34:57.516910+00:00
A,5-1,1,25.9,0,99,2026-03-12T13:35:26.421210+00:00
A,5-2,1,57.8,0,333,2026-03-12T13:36:27.266712+00:00
A,5-3,1,37.6,0,188,2026-03-12T13:37:07.838488+00:00
A,5-4,1,101.6,0,604,2026-03-12T13:38:52.428133+00:00
A,5-5,1,54.0,0,329,2026-03-12T13:39:49.450337+00:00
A,5-6,1,36.5,0,264,2026-03-12T13:40:28.940984+00:00
A,5-7,1,33.8,0,79,2026-03-12T13:41:05.696185+00:00
A,5-8,1,33.0,0,247,2026-03-12T13:41:41.736081+00:00
A,1,2,357.4,0,32,2026-03-12T13:47:42.463934+00:00
A,2,2,375.4,0,49,2026-03-12T13:54:00.940006+00:00
A,3,2,362.1,0,56,2026-03-12T14:00:06.420739+00:00
A,4,2,343.1,0,71,2026-03-12T14:05:52.709217+00:00
A,5-1,2,45.0,0,78,2026-03-12T14:06:40.673666+00:00
A,5-2,2,60.3,0,314,2026-03-12T14:07:43.949570+00:00
A,5-3,2,46.5,0,392,2026-03-12T14:08:33.497042+00:00
A,5-4,2,142.1,0,810,2026-03-12T14:10:58.560705+00:00
A,5-5,2,100.9,0,302,2026-03-12T14:12:42.467320+00:00
A,5-6,2,40.5,0,279,2026-03-12T14:13:25.928488+00:00
A,5-7,2,27.2,0,100,2026-03-12T14:13:56.145797+00:00
A,5-8,2,91.9,0,391,2026-03-12T14:15:31.093803+00:00
A,1,3,650.0,0,30,2026-03-12T14:26:24.408994+00:00
A,2,3,375.8,0,47,2026-03-12T14:32:43.306782+00:00
A,3,3,257.1,0,53,2026-03-12T14:37:03.486351+00:00
A,4,3,339.8,0,66,2026-03-12T14:42:46.434090+00:00
A,5-1,3,25.4,0,78,2026-03-12T14:43:14.877710+00:00
A,5-2,3,72.2,0,483,2026-03-12T14:44:30.036769+00:00
A,5-3,3,40.9,0,54,2026-03-12T14:45:13.964395+00:00
A,5-4,3,100.3,0,639,2026-03-12T14:46:57.250228+00:00
A,5-5,3,83.4,0,253,2026-03-12T14:48:23.607476+00:00
A,5-6,3,32.5,0,142,2026-03-12T14:48:59.124224+00:00
A,5-7,3,25.5,0,64,2026-03-12T14:49:27.616916+00:00
A,5-8,3,31.7,0,129,2026-03-12T14:50:02.283631+00:00
A,1,4,459.0,0,35,2026-03-12T14:57:44.719113+00:00
A,2,4,309.2,0,55,2026-03-12T15:02:57.072392+00:00
A,3,4,214.8,0,62,2026-03-12T15:06:35.002169+00:00
A,4,4,245.7,0,77,2026-03-12T15:10:43.842498+00:00
A,5-1,4,63.2,0,389,2026-03-12T15:11:50.050425+00:00
A,5-2,4,75.3,0,622,2026-03-12T15:13:08.363764+00:00
A,5-3,4,69.2,0,317,2026-03-12T15:14:20.521700+00:00
A,5-4,4,113.3,0,567,2026-03-12T15:16:16.784094+00:00
A,5-5,4,78.6,0,259,2026-03-12T15:17:38.379197+00:00
A,5-6,4,89.4,0,445,2026-03-12T15:19:10.766613+00:00
A,5-7,4,35.5,0,70,2026-03-12T15:19:49.286553+00:00
A,5-8,4,39.3,0,227,2026-03-12T15:20:31.615968+00:00
A,1,5,574.0,0,32,2026-03-12T15:30:08.931186+00:00
A,2,5,336.4,0,48,2026-03-12T15:35:48.468136+00:00
A,3,5,167.0,0,54,2026-03-12T15:38:38.564306+00:00
A,4,5,389.4,0,66,2026-03-12T15:45:11.086622+00:00
A,5-1,5,29.4,0,119,2026-03-12T15:45:43.507329+00:00
A,5-2,5,54.7,0,385,2026-03-12T15:46:41.248527+00:00
A,5-3,5,44.5,0,261,2026-03-12T15:47:28.763614+00:00
A,5-4,5,133.5,0,400,2026-03-12T15:49:45.224604+00:00
A,5-5,5,63.5,0,245,2026-03-12T15:50:51.718818+00:00
A,5-6,5,32.7,0,78,2026-03-12T15:51:27.406100+00:00
A,5-7,5,29.4,0,134,2026-03-12T15:51:59.809834+00:00
A,5-8,5,39.7,0,351,2026-03-12T15:52:42.467236+00:00
B,1,1,576.5,0,26,2026-03-12T16:02:22.285998+00:00
B,2,1,362.6,0,42,2026-03-12T16:08:28.106714+00:00
B,3,1,314.5,0,48,2026-03-12T16:13:45.711321+00:00
B,4,1,285.0,0,60,2026-03-12T16:18:33.843531+00:00
B,5-1,1,25.0,0,86,2026-03-12T16:19:01.887592+00:00
B,5-2,1,42.0,0,214,2026-03-12T16:19:46.893212+00:00
B,5-3,1,42.4,0,259,2026-03-12T16:20:32.260636+00:00
B,5-4,1,146.0,0,760,2026-03-12T16:23:01.250700+00:00
B,5-5,1,36.5,0,624,2026-03-12T16:23:40.711028+00:00
B,5-6,1,38.1,0,158,2026-03-12T16:24:21.807147+00:00
B,5-7,1,27.1,0,85,2026-03-12T16:24:51.916344+00:00
B,5-8,1,23.0,0,398,2026-03-12T16:25:17.945126+00:00
B,1,2,403.0,0,31,2026-03-12T16:32:04.308363+00:00
B,2,2,281.6,0,48,2026-03-12T16:36:49.082026+00:00
B,3,2,201.2,0,54,2026-03-12T16:40:13.317498+00:00
B,4,2,247.2,0,65,2026-03-12T16:44:23.606001+00:00
B,5-1,2,30.4,0,78,2026-03-12T16:44:57.015692+00:00
B,5-2,2,63.6,0,396,2026-03-12T16:46:03.613936+00:00
B,5-3,2,54.5,0,273,2026-03-12T16:47:01.160848+00:00
B,5-4,2,134.3,0,1046,2026-03-12T16:49:18.438794+00:00
B,5-5,2,108.6,0,342,2026-03-12T16:51:10.050243+00:00
B,5-6,2,39.4,0,118,2026-03-12T16:51:52.477620+00:00
B,5-7,2,26.5,0,60,2026-03-12T16:52:21.932819+00:00
B,5-8,2,26.8,0,380,2026-03-12T16:52:51.699980+00:00
B,1,3,552.2,0,31,2026-03-12T17:02:07.608263+00:00
B,2,3,289.6,0,48,2026-03-12T17:07:00.338221+00:00
B,3,3,349.0,0,55,2026-03-12T17:12:52.381201+00:00
B,4,3,346.1,0,69,2026-03-12T17:18:41.617645+00:00
B,5-1,3,29.1,0,86,2026-03-12T17:19:13.734542+00:00
B,5-2,3,52.4,0,247,2026-03-12T17:20:09.103889+00:00
B,5-3,3,57.4,0,284,2026-03-12T17:21:09.499728+00:00
B,5-4,3,34.0,0,340,2026-03-12T17:21:46.469256+00:00
B,5-5,3,94.8,0,438,2026-03-12T17:23:24.231693+00:00
B,5-6,3,40.2,0,264,2026-03-12T17:24:07.440715+00:00
B,5-7,3,33.2,0,118,2026-03-12T17:24:43.643529+00:00
B,5-8,3,54.8,0,277,2026-03-12T17:25:41.426262+00:00
B,1,4,489.8,0,32,2026-03-12T17:33:55.973816+00:00
B,2,4,344.3,0,58,2026-03-12T17:39:43.486792+00:00
B,3,4,233.9,0,66,2026-03-12T17:43:40.468781+00:00
B,4,4,292.0,0,76,2026-03-12T17:48:35.584450+00:00
B,5-1,4,69.7,0,388,2026-03-12T17:49:48.326427+00:00
B,5-2,4,68.0,0,392,2026-03-12T17:50:59.320984+00:00
B,5-3,4,44.4,0,240,2026-03-12T17:51:46.688874+00:00
B,5-4,4,60.7,0,482,2026-03-12T17:52:50.349677+00:00
B,5-5,4,78.7,0,264,2026-03-12T17:54:12.028390+00:00
B,5-6,4,217.7,0,372,2026-03-12T17:57:52.731562+00:00
B,5-7,4,30.1,0,107,2026-03-12T17:58:25.837612+00:00
B,5-8,4,27.8,0,474,2026-03-12T17:58:56.646755+00:00
B,1,5,545.8,0,30,2026-03-12T18:08:05.847411+00:00
B,2,5,330.6,0,46,2026-03-12T18:13:39.630798+00:00
B,3,5,230.5,0,52,2026-03-12T18:17:33.198689+00:00
B,4,5,311.7,0,65,2026-03-12T18:22:48.077394+00:00
B,5-1,5,29.5,0,159,2026-03-12T18:23:20.604853+00:00
B,5-2,5,54.1,0,434,2026-03-12T18:24:17.693199+00:00
B,5-3,5,43.4,0,70,2026-03-12T18:25:04.098986+00:00
B,5-4,5,32.8,0,376,2026-03-12T18:25:39.945100+00:00
B,5-5,5,54.9,0,324,2026-03-12T18:26:37.828541+00:00
B,5-6,5,34.8,0,193,2026-03-12T18:27:15.637704+00:00
B,5-7,5,32.9,0,212,2026-03-12T18:27:51.554898+00:00
B,5-8,5,28.2,0,444,2026-03-12T18:28:22.721272+00:00
C,1,1,448.7,0,28,2026-03-12T18:35:55.746846+00:00
C,2,1,336.5,0,44,2026-03-12T18:41:35.424927+00:00
C,3,1,232.0,0,50,2026-03-12T18:45:30.489120+00:00
C,4,1,292.6,0,61,2026-03-12T18:50:26.266319+00:00
C,5-1,1,25.9,0,681,2026-03-12T18:50:55.123652+00:00
C,5-2,1,26.9,0,753,2026-03-12T18:51:25.020774+00:00
C,5-3,1,33.4,0,936,2026-03-12T18:52:01.426878+00:00
C,5-4,1,31.8,0,993,2026-03-12T18:52:36.202600+00:00
C,5-5,1,35.6,0,1318,2026-03-12T18:53:14.853443+00:00
C,5-6,1,23.2,0,605,2026-03-12T18:53:41.048444+00:00
C,5-7,1,31.9,0,1077,2026-03-12T18:54:15.971181+00:00
C,5-8,1,29.2,0,671,2026-03-12T18:54:48.210189+00:00
C,1,2,454.8,0,31,2026-03-12T19:02:26.403832+00:00
C,2,2,304.8,0,48,2026-03-12T19:07:34.402889+00:00
C,3,2,242.8,0,55,2026-03-12T19:11:40.327975+00:00
C,4,2,292.5,0,68,2026-03-12T19:16:35.939565+00:00
C,5-1,2,27.2,0,752,2026-03-12T19:17:06.096514+00:00
C,5-2,2,32.7,0,983,2026-03-12T19:17:41.815680+00:00
C,5-3,2,32.1,0,977,2026-03-12T19:18:16.882635+00:00
C,5-4,2,31.2,0,997,2026-03-12T19:18:51.085734+00:00
C,5-5,2,38.1,0,791,2026-03-12T19:19:32.197213+00:00
C,5-6,2,15.5,0,522,2026-03-12T19:19:50.719509+00:00
C,5-7,2,30.1,0,752,2026-03-12T19:20:23.781354+00:00
C,5-8,2,28.6,0,774,2026-03-12T19:20:55.419051+00:00
C,1,3,448.4,0,29,2026-03-12T19:28:27.482336+00:00
C,2,3,360.7,0,46,2026-03-12T19:34:31.318563+00:00
C,3,3,277.5,0,53,2026-03-12T19:39:11.898121+00:00
C,4,3,265.1,0,63,2026-03-12T19:43:40.330339+00:00
C,5-1,3,26.8,0,718,2026-03-12T19:44:10.103422+00:00
C,5-2,3,34.9,0,945,2026-03-12T19:44:48.024203+00:00
C,5-3,3,28.2,0,763,2026-03-12T19:45:19.185478+00:00
C,5-4,3,30.4,0,822,2026-03-12T19:45:52.588305+00:00
C,5-5,3,30.3,0,940,2026-03-12T19:46:25.871446+00:00
C,5-6,3,16.0,0,624,2026-03-12T19:46:44.884699+00:00
C,5-7,3,29.6,0,838,2026-03-12T19:47:17.523385+00:00
C,5-8,3,29.8,0,987,2026-03-12T19:47:50.309006+00:00
C,1,4,416.7,0,29,2026-03-12T19:54:50.466315+00:00
C,2,4,269.2,0,45,2026-03-12T19:59:22.911570+00:00
C,3,4,277.2,0,52,2026-03-12T20:04:03.273489+00:00
C,4,4,300.6,0,62,2026-03-12T20:09:07.034494+00:00
C,5-1,4,15.2,0,579,2026-03-12T20:09:25.234452+00:00
C,5-2,4,33.1,0,877,2026-03-12T20:10:01.287790+00:00
C,5-3,4,36.5,0,913,2026-03-12T20:10:40.817256+00:00
C,5-4,4,35.7,0,1050,2026-03-12T20:11:19.554354+00:00
C,5-5,4,30.9,0,657,2026-03-12T20:11:53.491865+00:00
C,5-6,4,16.1,0,554,2026-03-12T20:12:12.548181+00:00
C,5-7,4,30.1,0,692,2026-03-12T20:12:45.660089+00:00
C,5-8,4,16.1,0,573,2026-03-12T20:13:04.815177+00:00
C,1,5,511.0,0,27,2026-03-12T20:21:39.555822+00:00
C,2,5,389.7,0,45,2026-03-12T20:28:12.502790+00:00
C,3,5,203.5,0,51,2026-03-12T20:31:39.322698+00:00
C,4,5,307.2,0,62,2026-03-12T20:36:49.866731+00:00
C,5-1,5,37.1,0,1088,2026-03-12T20:37:29.920402+00:00
C,5-2,5,17.6,0,644,2026-03-12T20:37:50.565477+00:00
C,5-3,5,32.1,0,926,2026-03-12T20:38:25.628716+00:00
C,5-4,5,31.6,0,826,2026-03-12T20:39:00.260771+00:00
C,5-5,5,47.6,0,704,2026-03-12T20:39:50.895971+00:00
C,5-6,5,31.4,0,849,2026-03-12T20:40:25.309062+00:00
C,5-7,5,26.5,0,714,2026-03-12T20:40:54.770585+00:00
C,5-8,5,15.8,0,487,2026-03-12T20:41:13.594425+00:00
